id,name,datetime,department_id,job_id
960,Amanda Strong,2021-10-30,3,2
8070,Matthew Robinson,2022-11-07,1,2
2007,Dr. Robert Harris,2021-03-22,2,3
6518,Lindsay Johnson,2022-12-26,1,3
2541,Allison Mason,2023-02-21,1,2
5705,David Wallace,2021-11-18,1,1
4221,James Graham,2021-12-03,3,1
1558,Christine Walker,2022-09-13,2,1
3721,Arthur Howell,2022-08-23,3,3
2156,Amy Martinez,2021-05-14,3,2
1676,Stephanie Rice,2021-11-03,2,2
5310,Carol Graham,2022-12-15,1,1
4025,Bill Richards,2021-12-03,3,2
3045,Kimberly Gilmore,2022-06-26,3,3
9667,Tara Johnson,2023-02-18,3,2
963,Derrick Henry,2022-05-21,1,1
1589,Elizabeth Martin,2021-09-02,1,1
2681,Juan Wagner,2022-09-13,2,2
8298,Emily Melendez,2022-09-10,2,1
4341,Amanda Buck,2021-07-13,2,2
7809,Jenna Davis,2022-08-15,2,2
8769,Timothy Burke,2021-06-09,2,1
778,Felicia Carr,2022-01-21,1,3
9684,Michael Martin,2022-01-23,1,3
7609,Scott Smith,2021-05-09,1,2
4811,Catherine Anderson,2022-09-16,3,3
889,Willie Cherry,2022-12-29,3,3
8506,Amber Carter,2022-12-31,2,1
3078,Mrs. Brittany Banks,2021-08-07,1,3
4776,Jason Wallace,2022-08-04,1,2
8744,Alexander Jackson,2022-07-16,2,3
1129,Brett Butler,2021-02-24,2,3
3226,Alan Morgan,2023-01-07,1,3
7948,Brent Jones,2022-02-02,2,3
8808,Lisa Graham,2023-02-10,1,1
9567,Michael Nichols,2021-02-05,2,3
7511,Peter Zimmerman,2021-07-29,2,1
9312,Sandra Young,2021-12-04,1,3
8668,Robert Olson,2021-10-01,1,3
5392,Nicholas Taylor,2023-02-10,2,1
1718,Mr. Donald Clark,2022-10-13,3,1
1372,David Rogers,2022-10-26,2,1
3073,David Goodman,2023-03-18,1,3
7882,Cody Willis,2021-06-20,3,2
8229,Shari Bond,2021-05-11,3,3
5761,Roger Butler,2022-05-20,3,3
8467,Julia Chan,2022-10-27,3,3
7987,Alicia Ruiz,2021-04-06,3,1
9966,Donna Stafford,2021-03-13,1,1
9467,Victoria Kane,2021-05-31,2,1
3941,Timothy Carter,2021-08-23,3,1
1348,Kenneth Evans,2021-07-10,2,1
6612,Joanna Cooper,2022-01-22,1,3
3621,Monica Skinner,2021-10-19,2,3
1515,Carlos Avery,2022-01-18,3,1
5032,Jasmine Smith,2021-08-26,3,1
148,Renee Clark,2021-03-13,3,3
4577,Travis Stanley,2022-06-10,3,2
1130,Frank Cohen,2022-10-20,3,3
2290,Joshua Norman,2023-03-19,2,1
5480,Michelle Murphy,2021-04-21,1,1
126,Christopher Gomez,2022-11-21,3,1
7570,Sarah Roberts,2022-08-09,1,2
7683,Tracy Porter,2022-11-21,1,2
6675,Brenda Mckinney,2022-02-18,3,2
854,Brenda Hall,2021-08-01,1,3
3125,Emily Wilcox,2021-12-12,2,2
8573,Margaret Johnson,2022-04-23,2,2
8437,Brandon Carroll,2022-04-24,3,2
2900,Christopher Burnett,2021-03-06,3,3
9511,Daniel Johnson,2021-04-12,3,1
8669,David Smith,2021-09-15,1,1
1896,Kelly Holmes,2021-12-07,1,2
7459,Christine Soto,2023-03-19,1,2
5756,Marissa Swanson,2023-02-05,1,1
6473,Taylor Davis,2022-07-10,3,2
4015,Amy Pitts,2021-04-15,2,1
8290,Andrew Lamb,2021-04-12,2,3
3554,Kristin Hughes,2022-01-08,2,3
9868,Jasmin Stanley,2022-06-14,1,3
4067,Kelly Perez,2023-01-02,3,2
6953,Kevin Arnold,2022-08-20,1,3
3804,Scott Yates,2021-04-06,2,1
5951,David Contreras,2023-01-19,3,2
1546,James Macdonald,2022-03-16,3,3
4910,Danielle Mcguire,2021-07-10,1,1
253,Joshua Flores,2021-12-10,3,1
8350,Danielle Watson,2022-05-02,3,2
6130,Ruth Ford,2021-08-12,3,2
6811,Trevor Taylor,2021-02-13,2,3
1948,Laura Mercer,2021-10-15,3,3
5718,William Lyons,2021-06-28,1,1
249,Patricia Jordan,2021-12-24,1,1
1641,Michael Luna Jr.,2021-05-04,3,2
6974,Stephen Daniels,2021-07-12,2,3
8119,Blake Williamson,2022-04-24,1,2
8096,Leslie Le,2022-08-02,2,3
6930,Sarah Carrillo,2021-03-24,3,1
4366,Jane Mendoza,2022-11-13,3,2
3651,Jacqueline Spears,2021-11-08,3,3
925,John Rivera,2021-07-02,3,1
6033,Anthony Williams,2022-08-29,1,1
9488,Micheal Cole,2021-02-10,2,3
8532,Michael Anderson,2022-02-06,2,1
5934,Michelle Ryan,2022-07-03,2,1
4382,Alexandra Wilson,2022-03-10,1,3
1829,Felicia Chung,2022-07-30,3,3
3272,Jodi Zhang,2022-11-03,2,2
3939,Jessica Hernandez,2021-09-09,3,3
9915,Sharon Hernandez,2021-04-04,2,2
2594,Michael Sloan,2021-11-27,3,3
8218,Lisa Mcdonald,2021-05-25,3,2
4396,John Phillips,2022-10-26,2,2
9850,Russell Morales,2022-02-27,3,1
8255,Laura Cox,2022-07-12,3,1
8349,Richard Gallegos,2022-05-18,1,3
1106,Robert Henderson,2021-03-20,3,2
8758,Lindsay Taylor,2021-03-06,1,1
5492,Robin Gordon,2021-08-15,2,1
5085,Eric Johnson,2022-05-07,3,1
3038,Claire Martinez,2021-09-05,1,2
450,Kelly Savage,2022-09-02,2,1
129,Daniel Anderson,2022-03-02,3,1
1177,Julie Stevenson,2021-08-03,1,2
4969,Dr. Robert Colon,2022-02-25,3,2
1285,Meredith Davis,2022-07-25,1,2
6342,Vanessa Gonzalez,2023-03-08,1,1
7756,Madison Miller,2022-11-17,3,1
3568,Darrell Green,2022-12-17,2,1
1044,Heather Avery,2022-09-24,1,3
6654,Thomas Ferguson,2021-02-23,2,2
2828,Elaine Johnson,2021-04-12,3,3
9118,Matthew Garrett,2023-02-06,3,2
7299,Jeremiah Murphy MD,2023-02-25,3,1
4545,Kelly Frye,2022-10-10,3,2
6793,Jasmine Holmes,2021-08-14,2,1
485,Courtney Gonzales,2021-10-08,2,3
8628,Wyatt Stafford,2021-02-13,3,3
8578,Erica Roberts,2023-01-05,1,1
2984,Theresa Hahn,2022-03-30,1,2
6060,Brooke Holloway,2022-08-02,2,1
1149,Keith Avila,2022-03-01,3,3
7605,Kristen Harmon,2022-05-18,1,3
9324,Erik Lawrence,2022-09-20,1,2
2104,Kristy Turner,2022-08-03,3,1
9893,Patricia Fernandez,2021-11-01,1,1
3390,Courtney Brown,2022-03-15,1,2
1151,Christina Little,2021-12-29,1,1
4127,Hannah Watson,2022-10-13,3,2
8015,Grace Robinson,2021-02-11,3,3
9985,Daniel Williams,2022-10-28,1,1
146,Jessica Warner,2021-08-02,1,1
1910,Donna Rice,2022-08-03,1,2
3900,Richard Saunders,2021-05-23,1,3
1616,Alyssa Bryant,2021-05-01,1,1
4627,Christopher Fields,2022-07-05,1,3
8702,Kenneth Holmes,2021-12-25,1,2
5262,David Moore,2022-09-17,2,3
3248,Steven Wright,2023-01-23,3,1
1748,Ricardo Stark,2021-08-13,2,2
1969,Derrick Brown,2021-02-11,3,2
6270,Tracy Espinoza,2021-06-01,1,1
9108,Diane Davis,2021-12-18,1,2
620,Roy Smith,2022-02-06,1,3
9035,Tyler Ortiz,2021-10-31,3,1
7274,Ryan Hanna,2021-06-19,3,3
7901,Terry Morales,2021-06-28,2,1
6483,Jason Scott,2022-02-22,1,1
6030,Dr. Deborah Figueroa,2022-11-02,3,1
5389,Pamela Jefferson,2022-01-18,2,1
2586,Jean Mcpherson,2022-09-06,1,1
849,Brett Figueroa,2021-09-09,3,1
288,Joshua Coleman,2022-05-11,2,3
8875,Mark Jackson,2022-01-18,1,2
2825,Susan Jennings,2021-04-21,1,2
4805,Christine Hernandez,2022-11-19,2,1
1903,Brian Sanford,2021-10-23,2,2
7632,Deanna Pratt,2021-07-29,3,1
1182,Stacey Williams,2021-05-15,1,3
471,Sandy Grant,2021-02-09,1,3
8201,Jesus Mcgrath,2021-10-30,1,2
2486,Nancy Thompson,2021-05-22,2,1
4917,Lisa Cohen,2021-04-11,1,3
4425,Daniel Williams,2021-09-01,1,3
415,Kathryn Rodriguez,2021-04-21,1,1
9694,Rebekah Lawson,2022-05-03,1,1
8282,William Brown,2022-09-20,1,3
9098,Rebecca Miranda,2022-08-03,2,2
6282,Mark Nielsen,2023-01-14,1,1
8789,Angel Mcdonald MD,2021-08-09,1,3
5855,Mr. Justin Scott DDS,2021-10-29,1,3
5609,Ashley Hernandez,2021-08-20,1,3
9140,Barbara Neal,2022-11-09,2,3
4058,Erin Keller,2022-07-06,1,2
6715,Tyrone James,2022-03-01,3,3
1119,Tracy Chang,2021-04-01,1,2
7454,Danielle Collins,2022-12-25,2,1
5041,Yvette Estrada,2021-04-27,3,2
9793,Christopher Klein,2021-08-15,3,2
2606,Christopher Ayers,2022-02-25,2,1
2362,Kathleen Walter,2021-05-24,1,2
4730,Kristy Anderson,2021-09-14,2,3
6754,Jennifer Gutierrez,2021-04-30,3,2
2169,Martha Lee,2022-08-31,1,2
9676,Andrew Taylor,2022-06-30,1,2
7894,Victoria Maldonado,2022-06-20,1,1
2126,Antonio Brewer,2023-01-01,2,1
5588,Michael Bailey,2021-03-16,3,3
4529,Tammy Delacruz,2022-09-19,1,3
1419,Eric Wilson,2023-02-20,1,1
748,Jennifer Dean,2021-05-23,2,2
7822,Donald Richards,2023-01-30,3,2
2347,Shawn Taylor,2021-07-28,3,1
7474,Sharon Hodges,2021-04-21,1,2
8849,Daniel Glass,2022-03-20,3,2
516,Jonathan Scott,2022-04-24,1,3
5752,Barbara Fry,2023-02-21,1,2
4902,Joshua Taylor,2021-04-17,3,2
2067,Edward Cox,2023-01-24,2,2
2116,Benjamin Roberts,2022-01-22,2,3
4392,Michael Kane,2021-09-05,1,2
3161,Kim Romero,2021-02-05,1,1
5417,Robert Kane,2021-09-30,2,1
4801,Tyler Roberts,2021-08-19,2,1
3176,Jeffrey Hall,2022-04-11,3,3
7564,Jennifer Brown,2022-03-22,2,3
1270,Kevin Woods,2022-03-27,1,3
9409,Katherine Daniels,2021-11-20,3,3
4492,Brad Johnson IV,2023-02-23,3,1
8942,Angela Flowers,2022-07-18,2,2
9908,Erica Payne,2023-02-21,1,2
1680,Daniel Acosta,2022-12-06,3,3
3146,Jason Newman,2023-01-14,3,2
9055,Michael Johnson,2021-02-21,3,2
596,Karen Guzman,2023-02-07,2,3
1357,Taylor Trujillo,2021-11-09,2,1
1996,Christina Schultz,2022-01-24,3,1
600,Deborah Wilson,2021-03-23,3,3
3430,Ms. Laura Mcfarland MD,2021-11-16,1,1
5230,James Hernandez,2022-10-18,1,2
9212,Anna Nichols,2021-08-30,1,3
8224,Linda Jackson,2022-03-13,3,3
7576,David Shaffer,2022-05-02,3,1
6890,Donna Harding,2023-02-07,2,3
8950,Drew Parker,2021-08-04,2,1
1404,Timothy Williams,2022-03-21,1,2
4872,Erin Barber,2021-10-28,1,2
633,Frederick Blackwell,2022-04-18,1,3
5275,Lisa Rodriguez,2022-10-13,2,2
9204,Megan Thomas,2022-01-08,1,1
5104,Christopher Brown,2022-09-27,2,1
1043,James Evans,2022-05-01,1,2
3976,Mr. Robert Lewis PhD,2022-03-06,1,2
2525,Timothy Brown,2022-12-30,3,3
9615,Damon Johnson,2021-11-08,3,2
9592,Catherine Miller,2023-03-20,3,1
2451,David Taylor,2021-02-05,2,2
4927,Nicholas Warren,2022-05-30,3,2
5676,Dustin Howard,2023-03-16,2,2
1252,Robin Brewer,2022-10-28,2,3
5686,Kathleen Brown,2021-02-14,3,2
1327,Gregory Davis,2022-11-14,2,1
2531,Juan Harris,2022-03-29,2,1
6108,Angela Fletcher,2022-05-12,3,1
3686,Kathryn Lewis,2022-10-13,3,2
2202,Donna Baird,2021-07-22,1,2
7140,Stephen Barnes,2021-07-29,3,1
751,Craig Hamilton,2023-01-07,1,1
1529,Christopher Williams,2021-08-30,2,1
8268,Jillian Daniel,2022-12-30,1,2
4586,Deanna Bradshaw,2023-03-24,1,3
1886,Natasha Webster,2021-06-18,3,3
789,Jennifer Mitchell,2022-06-09,3,2
1128,Timothy Williams,2023-03-10,3,3
2359,Janice Wade,2022-07-03,1,2
7716,Tiffany Alvarez,2021-08-23,2,3
9216,Matthew Walton,2022-11-05,1,2
9036,Carol Terry,2021-04-19,1,3
4892,Justin Yoder,2021-10-21,1,3
489,Cynthia Wong,2023-03-05,1,3
7926,Alfred Nelson,2021-06-10,2,2
2887,Travis Thomas,2022-01-06,1,2
5089,Thomas Smith,2022-11-11,1,2
414,Mrs. Monique Ayala,2021-02-02,2,3
3834,Billy Rodriguez,2021-05-10,3,1
1079,Tammy Baker,2021-02-01,1,2
1774,Shawn Cox,2022-08-16,3,3
4527,Laura Watkins,2023-01-13,1,3
9810,Natasha Mcguire,2021-05-28,2,1
4782,Jessica Brown,2021-08-22,3,2
7601,Amy Reid,2021-02-12,2,1
5252,Carlos Rasmussen,2022-02-11,1,1
3996,Elizabeth Hodges,2023-01-21,1,1
2933,Thomas West,2021-12-24,3,1
5386,Aimee Price,2021-12-15,2,1
8913,Madeline Greer,2022-11-16,2,1
5003,Daniel Hurst,2022-09-02,1,2
927,Amber Cohen,2021-10-18,2,3
1578,Chris Harris,2022-04-09,2,2
9168,Sherry Haynes,2022-03-07,1,3
6625,Lauren Pierce,2022-03-28,2,2
8896,Christina Goodman,2022-04-28,3,2
111,David Hampton,2022-08-15,3,3
7936,Anthony Allen,2022-11-01,1,3
6005,Daniel Brown,2022-12-29,3,2
4968,Cassandra Lopez,2021-11-14,2,3
5503,Lauren Robinson,2022-03-07,1,3
5980,Laura Roach,2021-04-19,2,1
8436,Ashlee Reyes,2021-12-22,3,1
2575,Heather Butler,2021-07-01,1,2
6231,Christopher Adams,2022-03-03,3,3
8227,Shannon Porter,2021-03-20,1,2
7507,Jessica Lucas,2021-10-01,2,1
4089,Rachel White,2022-10-12,1,1
2533,Troy Lang,2021-10-31,2,2
5895,Angel Haas,2021-08-22,2,1
8857,Michelle Oconnor,2022-05-05,3,2
9033,Elizabeth Peterson DDS,2022-08-12,2,2
2880,Paul Huang,2023-02-01,1,1
9904,Donald Washington,2022-07-06,2,3
7172,Cheryl Willis,2022-12-04,2,1
7959,Jacqueline Clark,2022-06-12,2,3
1504,Ernest Wade,2022-12-21,2,2
3460,Donna Payne,2022-02-15,2,2
5797,Martin Wiggins,2022-07-23,2,3
6620,Nicole Doyle,2023-01-19,3,3
2747,Kathryn Rangel,2022-07-29,3,2
6010,Melissa Obrien,2021-12-20,2,1
2805,Christina Burnett,2021-11-23,1,2
7775,Susan Newton,2022-05-20,2,1
7313,Frances Ferguson,2023-03-04,3,3
4845,Brian Webb,2023-03-01,3,2
4027,James Davis,2022-01-18,1,1
4254,Lori Herman,2021-12-17,2,2
532,Jonathan Bell,2023-01-24,2,2
6142,Marissa Parker,2022-06-23,3,1
2295,Amanda Acosta,2021-05-16,2,3
3516,Pam Cobb,2021-09-10,2,3
7245,Denise Ward,2022-09-04,3,3
2806,Paul Fry,2021-04-21,3,3
4066,Kathleen Novak,2022-10-20,3,1
8335,Suzanne Green,2022-10-09,3,2
2876,Destiny Hunter,2021-10-29,1,3
4644,Whitney Peters,2021-08-11,3,3
5331,Danielle Branch,2021-05-08,1,1
9303,Kimberly Long,2021-06-15,1,1
4087,Jessica White,2022-09-24,1,3
852,Timothy Russell,2022-08-06,2,2
4053,Jessica Fitzgerald,2021-12-19,2,3
6277,Dennis Hart,2022-06-08,3,1
3442,Javier Brewer,2021-03-09,2,3
2939,James Rodgers PhD,2022-10-18,2,3
6273,Dylan Ruiz DDS,2022-08-29,3,3
2412,Eric Anderson,2021-03-14,1,3
9813,Willie Wood,2022-05-30,3,1
1799,Misty Davis,2021-06-25,1,2
8718,Virginia Bennett,2021-04-14,1,1
5194,Kim Hart,2021-07-28,3,2
6529,Nicholas Johnson,2022-06-16,1,1
5744,Andrew Frazier,2023-02-01,2,2
3997,Trevor Hayes,2021-02-08,1,2
6191,Courtney Bush,2022-10-13,2,1
2648,Catherine Hall,2021-05-11,3,1
2307,Olivia Terry,2022-10-30,2,1
5165,Diana Lowe,2022-12-31,2,3
6248,Robert Fitzpatrick,2022-10-02,2,3
9996,Diane Mccarty,2021-06-08,3,3
1242,Peter Ware,2021-11-28,1,3
6124,Brian Johnson,2021-12-31,1,3
5788,Gina White,2021-04-21,3,3
9546,Dr. Pamela Kline,2021-03-07,2,1
2095,Angela Jackson,2022-12-02,1,3
1505,Keith Douglas Jr.,2021-09-05,3,2
8347,Dylan Mora,2021-06-30,1,3
644,Lauren Stone,2022-07-27,1,3
1846,Jerry Diaz,2021-06-19,1,1
4112,Deborah Miles,2021-06-20,1,3
1781,Rachel Jimenez,2022-06-10,1,2
2821,Mark Anderson,2022-04-03,1,3
2251,Evelyn Bailey,2022-06-10,3,3
4429,Charles Stuart,2021-02-08,1,2
5853,Matthew Christian,2022-09-24,2,1
8888,Jillian Robinson,2023-02-14,1,1
9024,Jordan Johnston,2022-08-14,3,3
541,Amy Harvey,2022-12-25,2,1
6959,Heather Chapman,2022-05-03,1,2
254,Gregory White,2022-11-26,1,3
292,Adrian White,2023-01-15,3,1
7373,Laura Cabrera,2023-02-10,1,2
3393,Dale Cervantes,2023-03-13,3,3
3314,Sergio Thompson,2022-12-07,1,1
4155,Christopher Moore,2022-07-24,3,1
7827,Heather Lynn,2022-07-20,2,2
8972,Jennifer Crawford,2022-03-11,3,2
467,Timothy Jones,2022-02-24,1,3
9372,Kathryn Parks,2021-05-18,3,2
6169,Daniel Gaines,2022-01-20,2,1
1215,Joshua Reyes,2021-05-21,1,1
6295,Ashley Williams,2022-11-18,3,3
8655,Maria Washington,2021-12-12,3,2
4139,Sergio Santiago,2021-10-05,2,2
1791,James Rowe,2022-04-01,3,1
1017,Rachael Jimenez,2021-03-09,2,2
2394,Amanda Hicks,2021-10-19,1,3
6873,Jerry Booth,2022-11-17,3,3
4301,Abigail Gardner,2022-01-29,1,3
4211,Kenneth Mills,2022-07-11,1,2
9812,Amber Matthews,2021-10-12,2,3
7619,Ralph Lambert,2021-04-05,3,2
2751,Cassidy Boyd,2021-10-19,2,1
3175,Judy Huber,2023-01-28,2,1
6532,Jeffrey Owens,2022-07-07,3,2
5638,Stephanie Stokes,2022-06-10,1,3
952,Vanessa Burnett,2021-05-22,3,1
2026,Dawn Fuentes,2021-06-29,1,2
3542,David Rodriguez,2021-02-09,2,2
5790,Marissa Perkins,2022-08-30,3,2
7467,Amber Reed,2021-12-09,2,1
9506,Ian Krueger,2022-08-29,3,2
2378,Jeffrey Rivera,2021-02-09,3,3
7938,Jennifer Santiago,2022-06-20,3,1
81,Scott Stewart,2021-07-26,1,1
771,Samantha Foley,2021-10-06,3,3
5753,Audrey Perez,2022-11-20,3,1
1805,Betty Walsh,2021-05-28,2,3
7973,Andrew Hensley,2023-01-09,2,1
567,Matthew Deleon,2021-12-20,2,3
2540,Joseph Wilkins,2022-04-21,3,3
3472,Randall Farrell,2022-08-29,1,1
2063,Benjamin Barry,2022-10-06,1,1
2299,Mr. Jesse Robinson,2022-08-28,2,2
4519,Robert Jones,2022-12-11,2,2
1915,Patrick Baxter,2022-03-08,1,3
5595,Patricia Rodriguez,2022-08-21,2,3
205,Whitney Evans,2022-03-23,1,1
4934,Rebecca Harrison,2022-01-14,3,1
7956,David Smith,2022-10-15,2,3
8692,Phillip Beck,2021-05-31,3,2
3869,Melanie Wheeler,2022-09-04,2,3
8171,Larry Gaines,2021-05-10,1,1
8296,Ryan Evans,2022-04-09,1,3
5977,Justin Manning,2022-05-27,1,2
2844,Angela Hayes,2021-04-08,3,2
9859,Brenda Curtis,2022-08-12,3,2
792,Kaitlin Christian,2021-03-11,1,2
8640,Kimberly Martin,2022-03-15,1,2
3648,Teresa Wilson,2021-11-24,2,1
3275,Kevin Glover,2021-08-04,1,1
1503,Morgan Wiggins,2022-11-05,2,2
3979,Alex Brooks,2022-02-10,3,2
9921,Diane Jennings,2021-08-28,3,1
4150,Tony Clements,2022-05-29,3,2
9090,Hunter Khan,2021-05-05,1,1
1958,Mr. Gary Castaneda,2022-11-08,2,1
9587,Andrew Jackson,2021-06-19,3,3
7238,Kimberly Mccall,2022-11-16,1,3
9839,Jennifer Taylor,2022-09-24,3,2
1342,Angela Shaw,2023-03-18,2,2
242,William Hines,2021-02-02,2,3
9391,Leonard Lopez,2021-07-13,1,1
4599,Alexander Hester,2022-08-13,3,3
598,Teresa Parrish,2022-06-02,2,2
4656,Wanda Scott,2022-08-09,2,3
7699,Cynthia Sanders,2022-01-17,3,2
1005,Dale Miller,2022-06-06,1,3
2278,John Matthews,2023-02-18,1,1
4679,James Barker,2021-09-10,3,2
3359,Mike Hodge,2022-08-09,1,1
4684,Donna Nguyen,2022-05-23,1,1
6849,Mariah Kirk,2021-02-06,2,2
7526,Alexandra Gaines,2023-02-24,1,1
5953,Crystal Patel,2021-03-31,3,3
1442,Heather Adams,2021-06-24,3,3
4149,Pamela Johnson,2022-04-18,3,3
2988,Brianna Ritter,2021-06-16,3,3
5799,Julia Arnold,2021-10-30,3,3
380,Austin Hudson,2022-02-08,1,3
8978,Jason Williams,2023-01-15,3,1
2236,William Lewis,2022-05-08,3,1
3854,Tyler Goodwin,2021-11-22,2,2
7445,Brian Joseph,2021-07-24,1,3
6091,Reginald Hammond,2022-06-07,2,1
8060,Darius Johnson,2021-11-23,1,3
245,Dr. Erik Lee,2022-07-14,2,3
1844,Taylor Moore,2022-05-25,2,1
9161,Betty Baker,2022-12-29,3,3
969,Debra Webb,2021-02-02,1,2
8346,Vanessa Diaz,2021-08-22,3,1
4881,Tamara Padilla,2021-10-08,2,1
6375,Theodore Marks,2021-11-13,1,3
8908,Molly Austin,2022-05-30,1,1
7019,Jonathan Johnson,2022-07-04,3,2
2789,Courtney Craig,2021-07-27,1,2
5773,Kimberly Carter,2023-01-27,2,3
5143,Gene Hull,2022-07-05,2,2
156,Adam Small,2021-09-19,3,1
6734,Andrew Lester,2021-03-26,1,2
7668,Paul Brown,2022-11-20,2,2
1716,Willie Berg,2021-08-14,1,2
800,Jeff Jones,2022-10-08,1,2
